{"vertices":[47.12482452392578,42.35624313354492,-2.593571992041396e-15,-7.293127536773682,29.7335205078125,-1.820653115308456e-15,-4.207573413848877,-19.915847778320312,1.219494014914264e-15,54.97896194458008,-14.586255073547363,8.931505683412107e-16,53.85694122314453,-42.07573699951172,2.576395944332666e-15,-35.624122619628906,-25.245441436767578,1.5458375198830296e-15,-38.99018096923828,51.6129035949707,-3.1603789970181283e-15,47.12482452392578,61.71107864379883,-3.7787139115382e-15,47.12482452392578,42.35624313354492,19.999999999999996,-7.293127536773682,29.7335205078125,19.999999999999996,-4.207573413848877,-19.915847778320312,20,54.97896194458008,-14.586255073547362,20,53.85694122314453,-42.07573699951172,20.000000000000004,-35.624122619628906,-25.245441436767578,20,-38.99018096923828,51.6129035949707,19.999999999999996,47.12482452392578,61.71107864379883,19.999999999999996],"normals":[0,-6.123234262925839e-17,-1,0,6.123234262925839e-17,1,0.22595957126202507,-0.9741366804278966,5.964867098368936e-17,0.22595959003447755,-0.9741366760734609,5.964867071705706e-17,0.9980744575480833,0.062027229424660574,-3.798072564474434e-18,0.9980744575147102,0.06202722996166134,-3.798072597356249e-18,-0.08968451372047671,0.995970224453885,-6.098559003229967e-17,-0.0896845139633491,0.9959702244320148,-6.098559003096051e-17,0.9991680515439634,-0.04078240765133586,2.4972023585526864e-18,0.9991680513997995,-0.040782411183346925,2.4972025748259983e-18,-0.18484654771165182,-0.9827673955718536,6.017714989051966e-17,-0.1848465343760269,-0.9827673980801217,6.017715004410679e-17,-0.9990423495327988,-0.04375367230285246,2.679139853736555e-18,-0.9990423494957035,-0.04375367314986121,2.6791399056008846e-18,-0.11646581097902166,0.993194701391927,-6.081563825319445e-17,-0.11646581460851489,0.9931947009663187,-6.081563822713346e-17,1,0,0],"faces":[50,7,0,1,0,0,0,0,0,50,2,3,4,0,0,0,0,0,50,6,7,1,0,0,0,0,0,50,2,4,5,0,0,0,0,0,50,5,6,1,0,0,0,0,0,50,1,2,5,0,0,0,0,0,50,13,10,9,0,1,1,1,1,50,9,14,13,0,1,1,1,1,50,13,12,10,0,1,1,1,1,50,9,15,14,0,1,1,1,1,50,12,11,10,0,1,1,1,1,50,9,8,15,0,1,1,1,1,50,0,8,1,0,2,3,3,3,50,8,9,1,0,2,3,3,3,50,1,9,2,0,4,5,5,5,50,9,10,2,0,4,5,5,5,50,2,10,3,0,6,7,7,7,50,10,11,3,0,6,7,7,7,50,3,11,4,0,8,9,9,9,50,11,12,4,0,8,9,9,9,50,4,12,5,0,10,11,11,11,50,12,13,5,0,10,11,11,11,50,5,13,6,0,12,13,13,13,50,13,14,6,0,12,13,13,13,50,6,14,7,0,14,15,15,15,50,14,15,7,0,14,15,15,15,50,7,15,0,0,16,16,16,16,50,15,8,0,0,16,16,16,16]}